CountryId,Country,Continent
USA,United States,North America
CAN,Canada,North America
FRA,France,Europe
DEU,Germany,Europe
IND,India,Asia
BRA,Brazil,South America
CHN,China,Asia
ZAF,South Africa,Africa
AUS,Australia,Oceania
JPN,Japan,Asia